xml_file,image_file,width,height,n_objects,classes,per_class_counts,avg_bbox_w,avg_bbox_h,avg_bbox_area_px2,total_bbox_area_ratio_%,parse_error
2018_NIWO_2_450000_4426000_image_crop.xml,2018_NIWO_2_450000_4426000_image_crop.tif,2511,4132,9730,Tree,"{""Tree"": 9730}",19.613257965056526,20.55601233299075,441.5787255909558,41.41083202929376,
2018_TEAK_3_315000_4094000_image_crop.xml,2018_TEAK_3_315000_4094000_image_crop.tif,6000,6000,3670,Tree,"{""Tree"": 3670}",51.10790190735695,52.05531335149864,3115.4228882833786,31.760005555555555,
2018_SJER_3_258000_4106000_image.xml,2018_SJER_3_258000_4106000_image.tif,10000,10000,1498,Tree,"{""Tree"": 1498}",82.39118825100134,83.58611481975969,7859.306408544726,11.773240999999999,
2018_MLBS_3_541000_4140000_image_crop2.xml,2018_MLBS_3_541000_4140000_image_crop2.tif,1603,2213,1057,Tree,"{""Tree"": 1057}",51.23557237464522,52.28003784295175,2876.489120151372,85.70828138271017,
2018_SJER_3_259000_4110000_image.xml,2018_SJER_3_259000_4110000_image.tif,10000,10000,1047,Tree,"{""Tree"": 1047}",73.88538681948424,77.26838586437441,7105.084049665712,7.439023000000001,
2019_DSNY_5_452000_3113000_image_crop.xml,2019_DSNY_5_452000_3113000_image_crop.tif,6172,4394,888,Tree,"{""Tree"": 888}",55.00675675675676,56.55518018018018,3982.113738738739,13.038891040660818,
2018_MLBS_3_541000_4140000_image_crop.xml,2018_MLBS_3_541000_4140000_image_crop.tif,1429,1864,864,Tree,"{""Tree"": 864}",47.53472222222222,49.407407407407405,2552.1354166666665,82.78264911084614,
2019_OSBS_5_405000_3287000_image_crop.xml,2019_OSBS_5_405000_3287000_image_crop.tif,1579,1920,699,Tree,"{""Tree"": 699}",35.918454935622314,36.546494992846924,1559.3805436337625,35.95389355077053,
2019_OSBS_5_405000_3287000_image_crop2.xml,2019_OSBS_5_405000_3287000_image_crop2.tif,2539,2353,617,Tree,"{""Tree"": 617}",40.090761750405186,41.05834683954619,1992.6677471636954,20.579528835922464,
2019_YELL_2_528000_4978000_image_crop2.xml,2019_YELL_2_528000_4978000_image_crop2.tif,2299,2472,574,Tree,"{""Tree"": 574}",41.76132404181185,42.198606271777,2073.303135888502,20.940510226058606,
2019_LENO_5_383000_3523000_image_crop.xml,2019_LENO_5_383000_3523000_image_crop.tif,1522,1770,554,Tree,"{""Tree"": 554}",48.42960288808664,47.31768953068592,2651.351985559567,54.5241913331403,
2018_OSBS_4_405000_3286000_image.xml,2018_OSBS_4_405000_3286000_image.tif,10000,10000,497,Tree,"{""Tree"": 497}",45.372233400402415,47.56539235412475,2655.4124748490945,1.31974,
2018_BART_4_322000_4882000_image_crop.xml,2018_BART_4_322000_4882000_image_crop.tif,1153,888,369,Tree,"{""Tree"": 369}",28.466124661246614,29.15989159891599,931.5663956639567,33.573599618699355,
2018_HARV_5_733000_4698000_image_crop.xml,2018_HARV_5_733000_4698000_image_crop.tif,1634,1361,329,Tree,"{""Tree"": 329}",49.92705167173252,50.285714285714285,2952.4893617021276,43.67913829650421,
OSBS_1.xml,OSBS_1.tif,2433,1469,313,Tree,"{""Tree"": 313}",44.30670926517572,44.674121405750796,2894.6421725239616,25.34984556852021,
2019_YELL_2_541000_4977000_image_crop.xml,2019_YELL_2_541000_4977000_image_crop.tif,1249,1035,299,Tree,"{""Tree"": 299}",38.80602006688963,40.97658862876254,1790.0033444816054,41.402087853857964,
2019_DELA_5_423000_3601000_image_crop.xml,2019_DELA_5_423000_3601000_image_crop.tif,1331,1331,295,Tree,"{""Tree"": 295}",55.369491525423726,57.04406779661017,3536.84406779661,58.89545999262798,
NIWO_002_2018.xml,NIWO_002_2018.tif,400,400,292,Tree,"{""Tree"": 292}",15.017123287671232,16.54794520547945,264.9178082191781,48.3475,
2019_ONAQ_2_367000_4449000_image_crop.xml,2019_ONAQ_2_367000_4449000_image_crop.tif,5497,3621,244,Tree,"{""Tree"": 244}",33.98770491803279,35.97950819672131,1380.6147540983607,1.6924197110452202,
6.xml,6.tif,742,1221,222,Tree,"{""Tree"": 222}",53.77927927927928,55.8963963963964,3448.265765765766,84.49560808051373,
2018_JERC_4_742000_3451000_image_crop.xml,2018_JERC_4_742000_3451000_image_crop.tif,1318,1224,193,Tree,"{""Tree"": 193}",40.41450777202073,40.81347150259067,2303.502590673575,27.558094558005298,
NIWO_014_2018.xml,NIWO_014_2018.tif,400,400,179,Tree,"{""Tree"": 179}",17.43016759776536,17.8268156424581,352.30167597765364,39.41375,
NIWO_001_2018.xml,NIWO_001_2018.tif,400,400,176,Tree,"{""Tree"": 176}",19.1875,19.164772727272727,390.51704545454544,42.956875,
NIWO_011_2018.xml,NIWO_011_2018.tif,400,400,153,Tree,"{""Tree"": 153}",21.19607843137255,21.69934640522876,491.54901960784315,47.004374999999996,
NIWO_017_2018.xml,NIWO_017_2018.tif,400,400,151,Tree,"{""Tree"": 151}",20.794701986754966,21.67549668874172,478.43046357615896,45.151875000000004,
NIWO_015_2018.xml,NIWO_015_2018.tif,400,400,150,Tree,"{""Tree"": 150}",17.94,18.58,351.2133333333333,32.92625,
NIWO_010_2018.xml,NIWO_010_2018.tif,400,400,148,Tree,"{""Tree"": 148}",19.506756756756758,20.04054054054054,421.4527027027027,38.984375,
NIWO_005_2018.xml,NIWO_005_2018.tif,400,400,146,Tree,"{""Tree"": 146}",17.972602739726028,18.273972602739725,354.7054794520548,32.366875,
NIWO_012_2018.xml,NIWO_012_2018.tif,400,400,136,Tree,"{""Tree"": 136}",20.99264705882353,22.66176470588235,500.70588235294116,42.559999999999995,
NIWO_016_2018.xml,NIWO_016_2018.tif,400,400,134,Tree,"{""Tree"": 134}",25.223880597014926,24.97761194029851,697.3432835820895,58.4025,
NIWO_004_2018.xml,NIWO_004_2018.tif,400,400,107,Tree,"{""Tree"": 107}",18.485981308411215,18.373831775700936,397.4018691588785,26.57625,
ABBY_076_2019.xml,ABBY_076_2019.tif,400,400,103,Tree,"{""Tree"": 103}",26.42718446601942,28.87378640776699,785.2330097087379,50.549375,
15.xml,15.tif,466,567,87,Tree,"{""Tree"": 87}",45.10344827586207,47.88505747126437,2400.9080459770116,79.05435580685939,
BONA_012_2019.xml,BONA_012_2019.tif,400,400,82,Tree,"{""Tree"": 82}",34.52439024390244,35.78048780487805,1320.2439024390244,67.66250000000001,
2018_TEAK_3_316000_4097000_image_493.xml,2018_TEAK_3_316000_4097000_image_493.tif,400,400,81,Tree,"{""Tree"": 81}",25.938271604938272,26.061728395061728,752.0123456790124,38.070625,
MLBS_061_2018.xml,MLBS_061_2018.tif,400,400,77,Tree,"{""Tree"": 77}",39.324675324675326,39.753246753246756,1776.7922077922078,85.508125,
12.xml,12.tif,324,447,76,Tree,"{""Tree"": 76}",35.88157894736842,36.26315789473684,1483.0394736842106,77.82403955036318,
TEAK_052_2018.xml,TEAK_052_2018.tif,400,400,73,Tree,"{""Tree"": 73}",26.931506849315067,26.91780821917808,820.2602739726027,37.424375,
TEAK_059_2018.xml,TEAK_059_2018.tif,400,400,72,Tree,"{""Tree"": 72}",29.041666666666668,29.666666666666668,963.4722222222222,43.35625,
MLBS_064_2018.xml,MLBS_064_2018.tif,400,400,70,Tree,"{""Tree"": 70}",43.31428571428572,43.9,1994.9,87.276875,
OSBS_003_2019.xml,OSBS_003_2019.tif,400,400,69,Tree,"{""Tree"": 69}",37.14492753623188,38.666666666666664,1650.9855072463768,71.19875,
2019_TALL_5_456000_3644000_image_crop.xml,2019_TALL_5_456000_3644000_image_crop.tif,334,259,68,Tree,"{""Tree"": 68}",21.13235294117647,20.779411764705884,495.5,38.94989942894134,
UNDE_065_2017.xml,UNDE_065_2017.tif,400,400,68,Tree,"{""Tree"": 68}",40.25,43.720588235294116,1857.8676470588234,78.959375,
UNDE_001_2017.xml,UNDE_001_2017.tif,400,400,66,Tree,"{""Tree"": 66}",43.31818181818182,42.72727272727273,1993.4545454545455,82.23,
CLBJ_042_2018.xml,CLBJ_042_2018.tif,400,400,64,Tree,"{""Tree"": 64}",38.84375,40.84375,1879.234375,75.169375,
HARV_037_2018.xml,HARV_037_2018.tif,400,400,64,Tree,"{""Tree"": 64}",42.96875,46.71875,2090.15625,83.60625,
BONA_014_2019.xml,BONA_014_2019.tif,400,400,63,Tree,"{""Tree"": 63}",35.07936507936508,37.06349206349206,1341.6825396825398,52.82875,
OSBS_011_2019.xml,OSBS_011_2019.tif,400,400,63,Tree,"{""Tree"": 63}",39.74603174603175,40.714285714285715,1917.079365079365,75.485,
OSBS_029_2019.xml,OSBS_029_2019.tif,400,400,63,Tree,"{""Tree"": 63}",32.55555555555556,35.301587301587304,1225.2698412698412,48.245,
MLBS_069_2018.xml,MLBS_069_2018.tif,400,400,60,Tree,"{""Tree"": 60}",46.55,45.833333333333336,2307.633333333333,86.53625000000001,
OSBS_008_2019.xml,OSBS_008_2019.tif,400,400,60,Tree,"{""Tree"": 60}",30.333333333333332,30.516666666666666,1059.2833333333333,39.723124999999996,
TEAK_057_2018.xml,TEAK_057_2018.tif,400,400,60,Tree,"{""Tree"": 60}",31.666666666666668,33.25,1116.7333333333333,41.8775,
BONA_005_2019.xml,BONA_005_2019.tif,400,400,59,Tree,"{""Tree"": 59}",35.47457627118644,34.47457627118644,1305.6610169491526,48.14625,
HARV_041_2018.xml,HARV_041_2018.tif,400,400,59,Tree,"{""Tree"": 59}",44.25423728813559,44.101694915254235,2176.576271186441,80.26124999999999,
MLBS_062_2018.xml,MLBS_062_2018.tif,400,400,59,Tree,"{""Tree"": 59}",46.28813559322034,48.3728813559322,2372.9491525423728,87.50250000000001,
SOAP_031_2019.xml,SOAP_031_2019.tif,400,400,59,Tree,"{""Tree"": 59}",32.50847457627118,32.50847457627118,1136.3050847457628,41.901250000000005,
TALL_043_2019.xml,TALL_043_2019.tif,392,400,58,Tree,"{""Tree"": 58}",33.94827586206897,35.46551724137931,1329.0689655172414,49.161989795918366,
4.xml,4.tif,260,574,57,Tree,"{""Tree"": 57}",43.29824561403509,46.0,2220.754385964912,84.81841329402306,
ABBY_063_2019.xml,ABBY_063_2019.tif,400,400,57,Tree,"{""Tree"": 57}",29.19298245614035,28.82456140350877,862.5087719298245,30.726875,
2018_TEAK_3_316000_4095000_image_397.xml,2018_TEAK_3_316000_4095000_image_397.tif,400,400,56,Tree,"{""Tree"": 56}",34.5,33.535714285714285,1208.8392857142858,42.309374999999996,
MLBS_063_2018.xml,MLBS_063_2018.tif,400,400,55,Tree,"{""Tree"": 55}",46.654545454545456,48.72727272727273,2456.509090909091,84.4425,
SOAP_056_2019.xml,SOAP_056_2019.tif,400,400,55,Tree,"{""Tree"": 55}",36.70909090909091,35.236363636363635,1407.8727272727272,48.395624999999995,
WREF_070_2019.xml,WREF_070_2019.tif,400,400,55,Tree,"{""Tree"": 55}",37.163636363636364,40.127272727272725,1731.7636363636364,59.529374999999995,
MLBS_071_2018.xml,MLBS_071_2018.tif,400,400,54,Tree,"{""Tree"": 54}",49.94444444444444,48.7037037037037,2579.6111111111113,87.061875,
2018_TEAK_3_320000_4094000_image_587.xml,2018_TEAK_3_320000_4094000_image_587.tif,400,400,53,Tree,"{""Tree"": 53}",32.9811320754717,36.60377358490566,1281.8301886792453,42.460625,
2018_TEAK_3_320000_4095000_image_616.xml,2018_TEAK_3_320000_4095000_image_616.tif,400,400,53,Tree,"{""Tree"": 53}",31.62264150943396,32.0377358490566,1077.5094339622642,35.6925,
MLBS_073_2018.xml,MLBS_073_2018.tif,400,400,53,Tree,"{""Tree"": 53}",46.58490566037736,47.84905660377358,2319.056603773585,76.81875000000001,
MLBS_074_2018.xml,MLBS_074_2018.tif,400,400,53,Tree,"{""Tree"": 53}",49.283018867924525,49.24528301886792,2602.8490566037735,86.219375,
CLBJ_040_2018.xml,CLBJ_040_2018.tif,400,400,52,Tree,"{""Tree"": 52}",44.38461538461539,44.40384615384615,2362.673076923077,76.786875,
TEAK_051_2018.xml,TEAK_051_2018.tif,400,400,52,Tree,"{""Tree"": 52}",32.42307692307692,33.26923076923077,1233.826923076923,40.099374999999995,
UNDE_006_2017.xml,UNDE_006_2017.tif,400,400,52,Tree,"{""Tree"": 52}",47.78846153846154,49.92307692307692,2574.3653846153848,83.66687499999999,
BART_050_2019.xml,BART_050_2019.tif,400,400,51,Tree,"{""Tree"": 51}",44.745098039215684,45.21568627450981,2193.372549019608,69.91375,
BONA_018_2019.xml,BONA_018_2019.tif,400,400,51,Tree,"{""Tree"": 51}",25.705882352941178,26.784313725490197,718.3529411764706,22.8975,
WREF_075_2019.xml,WREF_075_2019.tif,400,400,49,Tree,"{""Tree"": 49}",42.61224489795919,46.55102040816327,2063.7551020408164,63.20249999999999,
2018_TEAK_3_315000_4103000_image_87.xml,2018_TEAK_3_315000_4103000_image_87.tif,400,400,48,Tree,"{""Tree"": 48}",29.104166666666668,29.083333333333332,962.3958333333334,28.871875000000003,
HARV_040_2018.xml,HARV_040_2018.tif,400,400,48,Tree,"{""Tree"": 48}",44.895833333333336,43.854166666666664,2278.4375,68.353125,
SERC_004_2019.xml,SERC_004_2019.tif,400,400,48,Tree,"{""Tree"": 48}",51.25,48.208333333333336,2742.125,82.26375,
TEAK_050_2018.xml,TEAK_050_2018.tif,400,400,48,Tree,"{""Tree"": 48}",36.75,37.75,1511.5416666666667,45.34625,
LENO_066_2019.xml,LENO_066_2019.tif,400,400,47,Tree,"{""Tree"": 47}",53.04255319148936,50.744680851063826,2956.595744680851,86.85000000000001,
DSNY_025_2018.xml,DSNY_025_2018.tif,400,400,46,Tree,"{""Tree"": 46}",33.58695652173913,31.97826086956522,1222.5869565217392,35.149375,
SERC_062_2019.xml,SERC_062_2019.tif,400,400,46,Tree,"{""Tree"": 46}",52.19565217391305,51.06521739130435,2900.217391304348,83.38125,
7.xml,7.tif,474,305,45,Tree,"{""Tree"": 45}",50.044444444444444,49.53333333333333,2631.4222222222224,81.90772636093241,
DELA_047_2019.xml,DELA_047_2019.tif,400,400,45,Tree,"{""Tree"": 45}",45.06666666666667,46.4,2395.177777777778,67.364375,
TEAK_060_2018.xml,TEAK_060_2018.tif,400,400,45,Tree,"{""Tree"": 45}",38.75555555555555,38.977777777777774,1662.7333333333333,46.764375,
2018_TEAK_3_323000_4101000_image_415.xml,2018_TEAK_3_323000_4101000_image_415.tif,400,400,44,Tree,"{""Tree"": 44}",34.59090909090909,36.27272727272727,1433.2954545454545,39.415625,
2018_TEAK_3_316000_4093000_image_59.xml,2018_TEAK_3_316000_4093000_image_59.tif,400,400,43,Tree,"{""Tree"": 43}",38.348837209302324,39.83720930232558,1659.3720930232557,44.595625,
BART_036_2019.xml,BART_036_2019.tif,400,400,42,Tree,"{""Tree"": 42}",52.404761904761905,53.166666666666664,2988.4523809523807,78.446875,
DELA_015_2019.xml,DELA_015_2019.tif,400,400,42,Tree,"{""Tree"": 42}",52.023809523809526,48.785714285714285,2912.4285714285716,76.45125,
OSBS_040_2019.xml,OSBS_040_2019.tif,400,400,42,Tree,"{""Tree"": 42}",34.26190476190476,35.357142857142854,1467.2857142857142,38.51625,
SCBI_046_2019.xml,SCBI_046_2019.tif,400,400,41,Tree,"{""Tree"": 41}",51.36585365853659,49.4390243902439,2971.9756097560976,76.156875,
TEAK_061_2018.xml,TEAK_061_2018.tif,400,400,41,Tree,"{""Tree"": 41}",34.34146341463415,34.34146341463415,1300.9268292682927,33.33625,
2019_SJER_4_251000_4103000_image.xml,2019_SJER_4_251000_4103000_image.tif,10000,10000,40,Tree,"{""Tree"": 40}",39.55,39.975,2188.075,0.08752299999999999,
BLAN_009_2019.xml,BLAN_009_2019.tif,400,400,39,Tree,"{""Tree"": 39}",54.61538461538461,53.0,3410.897435897436,83.140625,
TEAK_045_2018.xml,TEAK_045_2018.tif,400,400,39,Tree,"{""Tree"": 39}",37.58974358974359,40.05128205128205,1586.025641025641,38.659375000000004,
TEAK_046_2018.xml,TEAK_046_2018.tif,400,400,39,Tree,"{""Tree"": 39}",35.48717948717949,35.92307692307692,1453.2564102564102,35.423125,
TEAK_062_2018.xml,TEAK_062_2018.tif,400,400,39,Tree,"{""Tree"": 39}",37.76923076923077,39.05128205128205,1639.5384615384614,39.96375,
2018_TEAK_3_316000_4097000_image_35.xml,2018_TEAK_3_316000_4097000_image_35.tif,400,400,37,Tree,"{""Tree"": 37}",49.567567567567565,47.62162162162162,2510.675675675676,58.059375,
JERC_059_2018.xml,JERC_059_2018.tif,400,400,37,Tree,"{""Tree"": 37}",49.270270270270274,49.08108108108108,2800.5135135135133,64.761875,
OSBS_032_2019.xml,OSBS_032_2019.tif,400,400,37,Tree,"{""Tree"": 37}",35.08108108108108,35.648648648648646,1393.5675675675675,32.22625,
OSBS_033_2019.xml,OSBS_033_2019.tif,400,400,37,Tree,"{""Tree"": 37}",38.45945945945946,38.08108108108108,1659.2972972972973,38.37125,
TEAK_044_2018.xml,TEAK_044_2018.tif,400,400,36,Tree,"{""Tree"": 36}",38.333333333333336,39.75,1656.138888888889,37.263125,
TEAK_047_2018.xml,TEAK_047_2018.tif,400,400,36,Tree,"{""Tree"": 36}",39.27777777777778,36.666666666666664,1553.888888888889,34.9625,
2018_TEAK_3_322000_4096000_image_368.xml,2018_TEAK_3_322000_4096000_image_368.tif,400,400,35,Tree,"{""Tree"": 35}",39.08571428571429,42.82857142857143,1858.0857142857142,40.645625,
OSBS_028_2019.xml,OSBS_028_2019.tif,400,400,35,Tree,"{""Tree"": 35}",28.571428571428573,32.57142857142857,1107.3714285714286,24.22375,
TEAK_058_2018.xml,TEAK_058_2018.tif,400,400,35,Tree,"{""Tree"": 35}",33.22857142857143,33.48571428571429,1233.5714285714287,26.984375,
BLAN_005_2019.xml,BLAN_005_2019.tif,400,400,34,Tree,"{""Tree"": 34}",50.88235294117647,50.73529411764706,2850.0,60.5625,
ONAQ_021_2019.xml,ONAQ_021_2019.tif,400,377,32,Tree,"{""Tree"": 32}",37.75,38.875,1506.71875,31.97281167108753,
SCBI_047_2019.xml,SCBI_047_2019.tif,400,400,32,Tree,"{""Tree"": 32}",56.8125,58.3125,3944.21875,78.88437499999999,
TALL_017_2019.xml,TALL_017_2019.tif,400,400,31,Tree,"{""Tree"": 31}",54.67741935483871,59.096774193548384,3539.9032258064517,68.585625,
TEAK_054_2018.xml,TEAK_054_2018.tif,400,400,31,Tree,"{""Tree"": 31}",38.354838709677416,40.38709677419355,1692.3548387096773,32.789375,
10.xml,10.tif,310,231,30,Tree,"{""Tree"": 30}",40.2,39.43333333333333,1855.2666666666667,77.72378159474934,
OSBS_039_2019.xml,OSBS_039_2019.tif,400,400,29,Tree,"{""Tree"": 29}",35.172413793103445,43.10344827586207,1691.9655172413793,30.666874999999997,
WREF_084_2019.xml,WREF_084_2019.tif,400,400,29,Tree,"{""Tree"": 29}",50.241379310344826,50.55172413793103,2680.5172413793102,48.584375,
LENO_016_2019.xml,LENO_016_2019.tif,400,400,28,Tree,"{""Tree"": 28}",65.89285714285714,63.25,4671.178571428572,81.745625,
2018_TEAK_3_319000_4102000_image_281.xml,2018_TEAK_3_319000_4102000_image_281.tif,400,400,27,Tree,"{""Tree"": 27}",37.18518518518518,38.81481481481482,1727.6666666666667,29.154374999999998,
2018_TEAK_3_322000_4103000_image_50.xml,2018_TEAK_3_322000_4103000_image_50.tif,400,400,27,Tree,"{""Tree"": 27}",33.55555555555556,37.111111111111114,1410.7777777777778,23.806874999999998,
OSBS_037_2019.xml,OSBS_037_2019.tif,400,400,26,Tree,"{""Tree"": 26}",40.73076923076923,41.69230769230769,1963.076923076923,31.900000000000002,
2018_TEAK_3_314000_4099000_image_334.xml,2018_TEAK_3_314000_4099000_image_334.tif,400,400,25,Tree,"{""Tree"": 25}",37.64,42.76,1823.16,28.486875,
TEAK_049_2018.xml,TEAK_049_2018.tif,400,400,25,Tree,"{""Tree"": 25}",43.92,46.2,2233.52,34.89875,
WREF_083_2019.xml,WREF_083_2019.tif,400,400,25,Tree,"{""Tree"": 25}",61.76,63.72,4195.0,65.546875,
2018_TEAK_3_317000_4105000_image_542.xml,2018_TEAK_3_317000_4105000_image_542.tif,400,400,24,Tree,"{""Tree"": 24}",43.0,44.666666666666664,2265.9166666666665,33.98875,
TEAK_043_2018.xml,TEAK_043_2018.tif,400,400,24,Tree,"{""Tree"": 24}",30.833333333333332,34.791666666666664,1140.2916666666667,17.104375,
DSNY_012_2018.xml,DSNY_012_2018.tif,400,400,23,Tree,"{""Tree"": 23}",35.56521739130435,37.608695652173914,1547.7391304347825,22.24875,
2018_TEAK_3_315000_4107000_image_237.xml,2018_TEAK_3_315000_4107000_image_237.tif,400,400,22,Tree,"{""Tree"": 22}",40.68181818181818,46.81818181818182,2065.6363636363635,28.402500000000003,
9.xml,9.tif,206,231,22,Tree,"{""Tree"": 22}",38.18181818181818,40.09090909090909,1692.9545454545455,78.2688185600807,
JERC_047_2018.xml,JERC_047_2018.tif,400,400,22,Tree,"{""Tree"": 22}",63.81818181818182,65.18181818181819,4477.409090909091,61.564375000000005,
OSBS_015_2019.xml,OSBS_015_2019.tif,400,400,21,Tree,"{""Tree"": 21}",42.42857142857143,42.333333333333336,2026.0,26.59125,
2018_TEAK_3_324000_4095000_image_275.xml,2018_TEAK_3_324000_4095000_image_275.tif,400,400,20,Tree,"{""Tree"": 20}",42.65,39.55,1916.55,23.956875,
TEAK_053_2018.xml,TEAK_053_2018.tif,400,400,20,Tree,"{""Tree"": 20}",41.65,41.85,2160.8,27.01,
WREF_072_2019.xml,WREF_072_2019.tif,400,400,20,Tree,"{""Tree"": 20}",65.65,65.15,4668.5,58.356249999999996,
TEAK_055_2018.xml,TEAK_055_2018.tif,400,400,19,Tree,"{""Tree"": 19}",48.21052631578947,52.94736842105263,3146.7368421052633,37.3675,
SJER_025_2018.xml,SJER_025_2018.tif,400,400,18,Tree,"{""Tree"": 18}",54.111111111111114,52.388888888888886,3501.1111111111113,39.387499999999996,
2018_TEAK_3_320000_4093000_image_222.xml,2018_TEAK_3_320000_4093000_image_222.tif,400,400,16,Tree,"{""Tree"": 16}",54.0625,56.1875,3274.6875,32.746874999999996,
2018_TEAK_3_321000_4101000_image_689.xml,2018_TEAK_3_321000_4101000_image_689.tif,400,400,16,Tree,"{""Tree"": 16}",33.1875,34.8125,1323.3125,13.233125000000001,
8.xml,8.tif,156,170,16,Tree,"{""Tree"": 16}",30.9375,33.4375,1178.25,71.08597285067873,
JERC_048_2018.xml,JERC_048_2018.tif,400,400,16,Tree,"{""Tree"": 16}",65.1875,60.6875,4292.625,42.926249999999996,
SJER_055_2018.xml,SJER_055_2018.tif,400,400,16,Tree,"{""Tree"": 16}",59.875,66.5,4663.0,46.63,
2018_SJER_3_255000_4108000_image_93.xml,2018_SJER_3_255000_4108000_image_93.tif,400,400,15,Tree,"{""Tree"": 15}",64.4,63.6,4456.933333333333,41.78375,
2018_TEAK_3_315000_4101000_image_600.xml,2018_TEAK_3_315000_4101000_image_600.tif,400,400,15,Tree,"{""Tree"": 15}",44.06666666666667,49.13333333333333,2774.5333333333333,26.011250000000004,
SJER_045_2018.xml,SJER_045_2018.tif,400,400,15,Tree,"{""Tree"": 15}",55.2,53.53333333333333,3361.733333333333,31.51625,
SJER_050_2018.xml,SJER_050_2018.tif,400,400,15,Tree,"{""Tree"": 15}",69.2,71.26666666666667,5244.666666666667,49.16875,
SJER_057_2018.xml,SJER_057_2018.tif,400,400,15,Tree,"{""Tree"": 15}",51.46666666666667,52.53333333333333,2845.5333333333333,26.676875,
2018_SJER_3_253000_4107000_image_637.xml,2018_SJER_3_253000_4107000_image_637.tif,400,400,14,Tree,"{""Tree"": 14}",49.5,53.785714285714285,2862.5714285714284,25.0475,
2018_SJER_3_254000_4107000_image_670.xml,2018_SJER_3_254000_4107000_image_670.tif,400,400,14,Tree,"{""Tree"": 14}",49.357142857142854,50.5,2896.285714285714,25.3425,
DSNY_006_2018.xml,DSNY_006_2018.tif,400,400,14,Tree,"{""Tree"": 14}",43.285714285714285,45.0,2018.5,17.661875,
SJER_046_2018.xml,SJER_046_2018.tif,400,400,14,Tree,"{""Tree"": 14}",75.35714285714286,76.57142857142857,6660.428571428572,58.27875,
SJER_051_2018.xml,SJER_051_2018.tif,400,400,13,Tree,"{""Tree"": 13}",55.53846153846154,53.69230769230769,3084.230769230769,25.059375,
SJER_063_2018.xml,SJER_063_2018.tif,400,400,13,Tree,"{""Tree"": 13}",52.84615384615385,62.84615384615385,3881.6923076923076,31.53875,
2018_TEAK_3_315000_4096000_image_163.xml,2018_TEAK_3_315000_4096000_image_163.tif,400,400,12,Tree,"{""Tree"": 12}",35.666666666666664,39.0,1713.25,12.849374999999998,
JERC_058_2018.xml,JERC_058_2018.tif,400,400,12,Tree,"{""Tree"": 12}",70.66666666666667,69.08333333333333,5594.25,41.956875,
SJER_058_2018.xml,SJER_058_2018.tif,400,400,12,Tree,"{""Tree"": 12}",71.33333333333333,67.16666666666667,5148.75,38.615624999999994,
SJER_010_2018.xml,SJER_010_2018.tif,400,400,11,Tree,"{""Tree"": 11}",70.18181818181819,74.54545454545455,5697.454545454545,39.17,
SJER_053_2018.xml,SJER_053_2018.tif,400,400,11,Tree,"{""Tree"": 11}",59.0,67.0,4435.090909090909,30.491249999999997,
2018_SJER_3_255000_4107000_image_298.xml,2018_SJER_3_255000_4107000_image_298.tif,400,400,10,Tree,"{""Tree"": 10}",66.8,65.2,4832.6,30.203750000000003,
SJER_054_2018.xml,SJER_054_2018.tif,400,400,10,Tree,"{""Tree"": 10}",53.2,64.3,4183.3,26.145625,
2018_SJER_3_255000_4105000_image_142.xml,2018_SJER_3_255000_4105000_image_142.tif,400,400,9,Tree,"{""Tree"": 9}",71.55555555555556,68.0,5442.555555555556,30.614375,
2018_SJER_3_255000_4108000_image_267.xml,2018_SJER_3_255000_4108000_image_267.tif,400,400,9,Tree,"{""Tree"": 9}",55.333333333333336,59.888888888888886,3779.1111111111113,21.2575,
2018_TEAK_3_314000_4108000_image_86.xml,2018_TEAK_3_314000_4108000_image_86.tif,400,400,9,Tree,"{""Tree"": 9}",26.333333333333332,23.22222222222222,651.1111111111111,3.6624999999999996,
2018_TEAK_3_323000_4093000_image_159.xml,2018_TEAK_3_323000_4093000_image_159.tif,400,400,9,Tree,"{""Tree"": 9}",40.888888888888886,47.77777777777778,2027.0,11.401875,
SJER_003_2018.xml,SJER_003_2018.tif,400,400,9,Tree,"{""Tree"": 9}",63.22222222222222,63.0,4215.333333333333,23.71125,
SJER_052_2018.xml,SJER_052_2018.tif,400,400,9,Tree,"{""Tree"": 9}",80.77777777777777,82.55555555555556,6744.666666666667,37.93875,
2018_SJER_3_252000_4104000_image_628.xml,2018_SJER_3_252000_4104000_image_628.tif,400,400,8,Tree,"{""Tree"": 8}",49.625,55.625,2798.0,13.99,
2018_SJER_3_252000_4108000_image_517.xml,2018_SJER_3_252000_4108000_image_517.tif,400,400,8,Tree,"{""Tree"": 8}",82.25,80.875,7132.75,35.66375,
2018_TEAK_3_316000_4092000_image_620.xml,2018_TEAK_3_316000_4092000_image_620.tif,400,400,8,Tree,"{""Tree"": 8}",80.5,79.875,7185.625,35.928125,
2018_TEAK_3_322000_4102000_image_495.xml,2018_TEAK_3_322000_4102000_image_495.tif,400,400,8,Tree,"{""Tree"": 8}",36.375,42.875,1800.25,9.001249999999999,
OSBS_051_2019.xml,OSBS_051_2019.tif,400,400,8,Tree,"{""Tree"": 8}",51.125,54.875,3369.625,16.848125,
2018_SJER_3_252000_4107000_image_477.xml,2018_SJER_3_252000_4107000_image_477.tif,400,400,7,Tree,"{""Tree"": 7}",82.71428571428571,86.28571428571429,7272.857142857143,31.81875,
2018_SJER_3_252000_4112000_image_451.xml,2018_SJER_3_252000_4112000_image_451.tif,400,400,7,Tree,"{""Tree"": 7}",70.42857142857143,84.85714285714286,6271.428571428572,27.437499999999996,
2018_SJER_3_255000_4108000_image_256.xml,2018_SJER_3_255000_4108000_image_256.tif,400,400,7,Tree,"{""Tree"": 7}",62.0,82.85714285714286,5894.857142857143,25.790000000000003,
JERC_055_2018.xml,JERC_055_2018.tif,400,400,7,Tree,"{""Tree"": 7}",73.42857142857143,66.85714285714286,5350.571428571428,23.40875,
JERC_056_2018.xml,JERC_056_2018.tif,400,400,7,Tree,"{""Tree"": 7}",77.71428571428571,70.71428571428571,6291.571428571428,27.525624999999998,
SJER_022_2018.xml,SJER_022_2018.tif,400,400,7,Tree,"{""Tree"": 7}",56.57142857142857,65.71428571428571,4013.5714285714284,17.559375,
SJER_059_2018.xml,SJER_059_2018.tif,400,400,7,Tree,"{""Tree"": 7}",76.14285714285714,62.42857142857143,5117.571428571428,22.389375,
2018_SJER_3_252000_4113000_image_323.xml,2018_SJER_3_252000_4113000_image_323.tif,400,400,6,Tree,"{""Tree"": 6}",74.83333333333333,85.16666666666667,7121.833333333333,26.706875000000004,
2018_SJER_3_253000_4105000_image_72.xml,2018_SJER_3_253000_4105000_image_72.tif,400,400,6,Tree,"{""Tree"": 6}",63.333333333333336,62.333333333333336,4269.833333333333,16.011875,
2018_SJER_3_254000_4112000_image_145.xml,2018_SJER_3_254000_4112000_image_145.tif,400,400,6,Tree,"{""Tree"": 6}",51.833333333333336,64.33333333333333,4204.833333333333,15.768125,
2018_TEAK_3_318000_4102000_image_483.xml,2018_TEAK_3_318000_4102000_image_483.tif,400,400,6,Tree,"{""Tree"": 6}",45.5,42.5,2055.5,7.708125000000001,
2018_TEAK_3_318000_4103000_image_261.xml,2018_TEAK_3_318000_4103000_image_261.tif,400,400,6,Tree,"{""Tree"": 6}",74.33333333333333,76.16666666666667,6168.5,23.131874999999997,
2018_TEAK_3_318000_4106000_image_165.xml,2018_TEAK_3_318000_4106000_image_165.tif,400,400,6,Tree,"{""Tree"": 6}",58.666666666666664,78.33333333333333,4901.0,18.37875,
SJER_048_2018.xml,SJER_048_2018.tif,400,400,6,Tree,"{""Tree"": 6}",85.0,95.16666666666667,9335.166666666666,35.006875,
SJER_049_2018.xml,SJER_049_2018.tif,400,400,6,Tree,"{""Tree"": 6}",75.33333333333333,73.5,6324.666666666667,23.7175,
SJER_064_2018.xml,SJER_064_2018.tif,400,400,6,Tree,"{""Tree"": 6}",92.5,88.16666666666667,9357.333333333334,35.089999999999996,
2018_SJER_3_253000_4104000_image_637.xml,2018_SJER_3_253000_4104000_image_637.tif,400,400,5,Tree,"{""Tree"": 5}",93.6,98.2,10253.2,32.04125,
2018_SJER_3_253000_4108000_image_721.xml,2018_SJER_3_253000_4108000_image_721.tif,400,400,5,Tree,"{""Tree"": 5}",77.6,63.4,5291.2,16.535,
2018_SJER_3_253000_4109000_image_573.xml,2018_SJER_3_253000_4109000_image_573.tif,400,400,5,Tree,"{""Tree"": 5}",71.4,64.2,4461.2,13.94125,
2018_SJER_3_255000_4108000_image_224.xml,2018_SJER_3_255000_4108000_image_224.tif,400,400,5,Tree,"{""Tree"": 5}",43.6,49.8,2823.2,8.8225,
2018_TEAK_3_316000_4091000_image_446.xml,2018_TEAK_3_316000_4091000_image_446.tif,400,400,5,Tree,"{""Tree"": 5}",76.4,68.4,6575.0,20.546875,
2018_TEAK_3_318000_4107000_image_416.xml,2018_TEAK_3_318000_4107000_image_416.tif,400,400,5,Tree,"{""Tree"": 5}",41.0,49.4,2152.6,6.726875000000001,
2018_TEAK_3_322000_4097000_image_216.xml,2018_TEAK_3_322000_4097000_image_216.tif,400,400,5,Tree,"{""Tree"": 5}",62.2,66.2,4434.4,13.8575,
2018_TEAK_3_322000_4107000_image_518.xml,2018_TEAK_3_322000_4107000_image_518.tif,400,400,5,Tree,"{""Tree"": 5}",36.8,39.2,1466.4,4.5825,
NIWO_042_2018.xml,NIWO_042_2018.tif,400,400,5,Tree,"{""Tree"": 5}",15.8,15.8,258.4,0.8075000000000001,
SJER_002_2018.xml,SJER_002_2018.tif,400,400,5,Tree,"{""Tree"": 5}",53.4,63.4,4361.4,13.629375,
SJER_060_2018.xml,SJER_060_2018.tif,400,400,5,Tree,"{""Tree"": 5}",59.8,69.0,4870.2,15.219375,
SJER_062_2018.xml,SJER_062_2018.tif,370,400,5,Tree,"{""Tree"": 5}",69.4,70.8,4773.4,16.12635135135135,
2018_SJER_3_254000_4108000_image_188.xml,2018_SJER_3_254000_4108000_image_188.tif,400,400,4,Tree,"{""Tree"": 4}",93.5,81.5,8371.5,20.928749999999997,
2018_SJER_3_254000_4108000_image_700.xml,2018_SJER_3_254000_4108000_image_700.tif,400,400,4,Tree,"{""Tree"": 4}",70.0,82.0,6344.0,15.86,
2018_SJER_3_255000_4107000_image_369.xml,2018_SJER_3_255000_4107000_image_369.tif,400,400,4,Tree,"{""Tree"": 4}",82.5,80.5,6509.0,16.2725,
2018_TEAK_3_319000_4095000_image_175.xml,2018_TEAK_3_319000_4095000_image_175.tif,400,400,4,Tree,"{""Tree"": 4}",58.25,66.5,4585.75,11.464375,
OSBS_023_2019.xml,OSBS_023_2019.tif,400,400,4,Tree,"{""Tree"": 4}",68.25,63.5,5255.0,13.1375,
SJER_005_2018.xml,SJER_005_2018.tif,400,400,4,Tree,"{""Tree"": 4}",57.25,63.5,3952.75,9.881874999999999,
SJER_009_2018.xml,SJER_009_2018.tif,400,400,4,Tree,"{""Tree"": 4}",83.0,55.25,4680.75,11.701875000000001,
SJER_016_2018.xml,SJER_016_2018.tif,400,400,4,Tree,"{""Tree"": 4}",67.5,52.75,3731.25,9.328125,
SJER_021_2018.xml,SJER_021_2018.tif,400,400,4,Tree,"{""Tree"": 4}",79.25,85.5,7111.5,17.77875,
SJER_056_2018.xml,SJER_056_2018.tif,400,400,4,Tree,"{""Tree"": 4}",71.25,74.25,6817.5,17.04375,
2018_SJER_3_252000_4106000_image_326.xml,2018_SJER_3_252000_4106000_image_326.tif,400,400,3,Tree,"{""Tree"": 3}",65.0,68.33333333333333,5641.333333333333,10.577499999999999,
2018_SJER_3_254000_4104000_image_163.xml,2018_SJER_3_254000_4104000_image_163.tif,400,400,3,Tree,"{""Tree"": 3}",85.66666666666667,77.33333333333333,7665.333333333333,14.372499999999999,
2018_TEAK_3_321000_4106000_image_263.xml,2018_TEAK_3_321000_4106000_image_263.tif,400,400,3,Tree,"{""Tree"": 3}",41.0,42.666666666666664,2384.6666666666665,4.47125,
2018_TEAK_3_323000_4098000_image_691.xml,2018_TEAK_3_323000_4098000_image_691.tif,400,400,3,Tree,"{""Tree"": 3}",45.666666666666664,52.666666666666664,2440.6666666666665,4.57625,
OSBS_022_2019.xml,OSBS_022_2019.tif,400,400,3,Tree,"{""Tree"": 3}",51.666666666666664,51.0,2724.3333333333335,5.108125,
SJER_015_2018.xml,SJER_015_2018.tif,400,400,3,Tree,"{""Tree"": 3}",84.33333333333333,80.66666666666667,7177.333333333333,13.4575,
2018_SJER_3_252000_4106000_image_66.xml,2018_SJER_3_252000_4106000_image_66.tif,400,400,2,Tree,"{""Tree"": 2}",71.0,64.5,5893.5,7.366875,
2018_SJER_3_252000_4107000_image_372.xml,2018_SJER_3_252000_4107000_image_372.tif,400,400,2,Tree,"{""Tree"": 2}",107.5,101.5,10969.0,13.71125,
2018_SJER_3_253000_4105000_image_303.xml,2018_SJER_3_253000_4105000_image_303.tif,400,400,2,Tree,"{""Tree"": 2}",104.5,58.5,6383.0,7.97875,
2018_SJER_3_253000_4112000_image_581.xml,2018_SJER_3_253000_4112000_image_581.tif,400,400,2,Tree,"{""Tree"": 2}",61.5,83.5,5225.5,6.531874999999999,
2018_SJER_3_254000_4105000_image_703.xml,2018_SJER_3_254000_4105000_image_703.tif,400,400,2,Tree,"{""Tree"": 2}",73.5,77.0,6182.0,7.7275,
DSNY_007_2018.xml,DSNY_007_2018.tif,400,400,2,Tree,"{""Tree"": 2}",82.0,78.5,6887.5,8.609375,
SJER_026_2018.xml,SJER_026_2018.tif,400,400,2,Tree,"{""Tree"": 2}",60.0,102.5,6976.5,8.720625,
2018_SJER_3_252000_4106000_image_234.xml,2018_SJER_3_252000_4106000_image_234.tif,400,400,1,Tree,"{""Tree"": 1}",82.0,75.0,6150.0,3.84375,
2018_SJER_3_252000_4113000_image_310.xml,2018_SJER_3_252000_4113000_image_310.tif,400,400,1,Tree,"{""Tree"": 1}",47.0,94.0,4418.0,2.76125,
2018_SJER_3_253000_4107000_image_532.xml,2018_SJER_3_253000_4107000_image_532.tif,400,400,1,Tree,"{""Tree"": 1}",108.0,118.0,12744.0,7.965,
2018_SJER_3_254000_4109000_image_337.xml,2018_SJER_3_254000_4109000_image_337.tif,400,400,1,Tree,"{""Tree"": 1}",106.0,115.0,12190.0,7.61875,
2018_TEAK_3_318000_4107000_image_718.xml,2018_TEAK_3_318000_4107000_image_718.tif,400,400,1,Tree,"{""Tree"": 1}",42.0,48.0,2016.0,1.26,
2019_TOOL_3_403000_7617000_image.xml,2019_TOOL_3_403000_7617000_image.tif,10000,10000,1,Tree,"{""Tree"": 1}",56.0,63.0,3528.0,0.003528,
DSNY_002_2018.xml,DSNY_002_2018.tif,400,400,1,Tree,"{""Tree"": 1}",63.0,73.0,4599.0,2.8743749999999997,
DSNY_005_2018.xml,DSNY_005_2018.tif,400,400,1,Tree,"{""Tree"": 1}",79.0,71.0,5609.0,3.5056249999999998,
SJER_004_2018.xml,SJER_004_2018.tif,400,400,1,Tree,"{""Tree"": 1}",82.0,92.0,7544.0,4.715,
SJER_012_2018.xml,SJER_012_2018.tif,400,400,1,Tree,"{""Tree"": 1}",112.0,116.0,12992.0,8.12,
